--------------------------------------------------------
--  File created - Sunday-April-03-2016   
--------------------------------------------------------
REM INSERTING into PLAYSTORE.TBL_ALBUMES
SET DEFINE OFF;
Insert into PLAYSTORE.TBL_ALBUMES (CODIGO_ALBUM,NOMBRE_ALBUM) values (1,'Album 1');
Insert into PLAYSTORE.TBL_ALBUMES (CODIGO_ALBUM,NOMBRE_ALBUM) values (2,'Album 2');
Insert into PLAYSTORE.TBL_ALBUMES (CODIGO_ALBUM,NOMBRE_ALBUM) values (3,'Album 3');
REM INSERTING into PLAYSTORE.TBL_ARTISTA_X_CANCION
SET DEFINE OFF;
REM INSERTING into PLAYSTORE.TBL_ARTISTAS
SET DEFINE OFF;
Insert into PLAYSTORE.TBL_ARTISTAS (CODIGO_ARTISTA,NOMBRE_ARTISTA,GENERO) values (1,'Artista 1','M');
Insert into PLAYSTORE.TBL_ARTISTAS (CODIGO_ARTISTA,NOMBRE_ARTISTA,GENERO) values (2,'Artista 2','M');
Insert into PLAYSTORE.TBL_ARTISTAS (CODIGO_ARTISTA,NOMBRE_ARTISTA,GENERO) values (3,'Artista 3','M');
Insert into PLAYSTORE.TBL_ARTISTAS (CODIGO_ARTISTA,NOMBRE_ARTISTA,GENERO) values (4,'Artista 4','F');
Insert into PLAYSTORE.TBL_ARTISTAS (CODIGO_ARTISTA,NOMBRE_ARTISTA,GENERO) values (5,'Artista 5','F');
REM INSERTING into PLAYSTORE.TBL_AUTORES
SET DEFINE OFF;
Insert into PLAYSTORE.TBL_AUTORES (CODIGO_AUTOR,NOMBRE_AUTOR,CORREO_ELECTRONICO,GENERO) values (1,'Autor 1','correo@gmail.com','M');
Insert into PLAYSTORE.TBL_AUTORES (CODIGO_AUTOR,NOMBRE_AUTOR,CORREO_ELECTRONICO,GENERO) values (2,'Autor 2','correo@gmail.com','M');
Insert into PLAYSTORE.TBL_AUTORES (CODIGO_AUTOR,NOMBRE_AUTOR,CORREO_ELECTRONICO,GENERO) values (3,'Autor 3','correo@gmail.com','M');
Insert into PLAYSTORE.TBL_AUTORES (CODIGO_AUTOR,NOMBRE_AUTOR,CORREO_ELECTRONICO,GENERO) values (4,'Autor 4','correo@gmail.com','F');
Insert into PLAYSTORE.TBL_AUTORES (CODIGO_AUTOR,NOMBRE_AUTOR,CORREO_ELECTRONICO,GENERO) values (5,'Autor 5','correo@gmail.com','F');
REM INSERTING into PLAYSTORE.TBL_CATEGORIAS
SET DEFINE OFF;
Insert into PLAYSTORE.TBL_CATEGORIAS (CODIGO_CATEGORIA,NOMBRE,DESCRIPCION,OBSERVACIONES,CODIGO_CATEGORIA_PADRE) values (1,'Categoria 1','Categoria 1',null,null);
Insert into PLAYSTORE.TBL_CATEGORIAS (CODIGO_CATEGORIA,NOMBRE,DESCRIPCION,OBSERVACIONES,CODIGO_CATEGORIA_PADRE) values (2,'Categoria 2','Categoria 2',null,null);
Insert into PLAYSTORE.TBL_CATEGORIAS (CODIGO_CATEGORIA,NOMBRE,DESCRIPCION,OBSERVACIONES,CODIGO_CATEGORIA_PADRE) values (3,'Categoria 3','Categoria 3',null,2);
Insert into PLAYSTORE.TBL_CATEGORIAS (CODIGO_CATEGORIA,NOMBRE,DESCRIPCION,OBSERVACIONES,CODIGO_CATEGORIA_PADRE) values (4,'Categoria 4','Categoria 4',null,2);
Insert into PLAYSTORE.TBL_CATEGORIAS (CODIGO_CATEGORIA,NOMBRE,DESCRIPCION,OBSERVACIONES,CODIGO_CATEGORIA_PADRE) values (5,'Categoria 5','Categoria 5',null,2);
Insert into PLAYSTORE.TBL_CATEGORIAS (CODIGO_CATEGORIA,NOMBRE,DESCRIPCION,OBSERVACIONES,CODIGO_CATEGORIA_PADRE) values (6,'Categoria 6','Categoria 6',null,1);
Insert into PLAYSTORE.TBL_CATEGORIAS (CODIGO_CATEGORIA,NOMBRE,DESCRIPCION,OBSERVACIONES,CODIGO_CATEGORIA_PADRE) values (7,'Categoria 7','Categoria 7',null,1);
Insert into PLAYSTORE.TBL_CATEGORIAS (CODIGO_CATEGORIA,NOMBRE,DESCRIPCION,OBSERVACIONES,CODIGO_CATEGORIA_PADRE) values (8,'Categoria 8','Categoria ',null,1);
Insert into PLAYSTORE.TBL_CATEGORIAS (CODIGO_CATEGORIA,NOMBRE,DESCRIPCION,OBSERVACIONES,CODIGO_CATEGORIA_PADRE) values (9,'Categoria 9','Categoria 9',null,3);
Insert into PLAYSTORE.TBL_CATEGORIAS (CODIGO_CATEGORIA,NOMBRE,DESCRIPCION,OBSERVACIONES,CODIGO_CATEGORIA_PADRE) values (10,'Categoria 10','Categoria 10',null,7);
REM INSERTING into PLAYSTORE.TBL_DESARROLLADORES
SET DEFINE OFF;
Insert into PLAYSTORE.TBL_DESARROLLADORES (CODIGO_DESARROLLADOR,NOMBRE_DESARROLLADOR,FECHA_NACIMIENTO,CORREO_ELECTRONICO) values (1,'Desarrollador 1',to_date('06-APR-16','DD-MON-RR'),'correo@gmail.com');
Insert into PLAYSTORE.TBL_DESARROLLADORES (CODIGO_DESARROLLADOR,NOMBRE_DESARROLLADOR,FECHA_NACIMIENTO,CORREO_ELECTRONICO) values (2,'Desarrollador 2',to_date('15-APR-16','DD-MON-RR'),'correo@gmail.com');
Insert into PLAYSTORE.TBL_DESARROLLADORES (CODIGO_DESARROLLADOR,NOMBRE_DESARROLLADOR,FECHA_NACIMIENTO,CORREO_ELECTRONICO) values (3,'Desarrollador 3',to_date('24-APR-16','DD-MON-RR'),'correo@gmail.com');
Insert into PLAYSTORE.TBL_DESARROLLADORES (CODIGO_DESARROLLADOR,NOMBRE_DESARROLLADOR,FECHA_NACIMIENTO,CORREO_ELECTRONICO) values (4,'Desarrollador 4',to_date('30-APR-16','DD-MON-RR'),'correo@gmail.com');
Insert into PLAYSTORE.TBL_DESARROLLADORES (CODIGO_DESARROLLADOR,NOMBRE_DESARROLLADOR,FECHA_NACIMIENTO,CORREO_ELECTRONICO) values (5,'Desarrollador 5',to_date('01-APR-16','DD-MON-RR'),'correo@gmail.com');
REM INSERTING into PLAYSTORE.TBL_AUTORES_X_LIBRO
SET DEFINE OFF;
REM INSERTING into PLAYSTORE.TBL_EDITORIAL
SET DEFINE OFF;
Insert into PLAYSTORE.TBL_EDITORIAL (CODIGO_EDITORIAL,NOMBRE_EDITORIAL) values (1,'Editorial 1');
Insert into PLAYSTORE.TBL_EDITORIAL (CODIGO_EDITORIAL,NOMBRE_EDITORIAL) values (2,'Editorial 2');
Insert into PLAYSTORE.TBL_EDITORIAL (CODIGO_EDITORIAL,NOMBRE_EDITORIAL) values (3,'Editorial 3');
Insert into PLAYSTORE.TBL_EDITORIAL (CODIGO_EDITORIAL,NOMBRE_EDITORIAL) values (4,'Editorial 4');
Insert into PLAYSTORE.TBL_EDITORIAL (CODIGO_EDITORIAL,NOMBRE_EDITORIAL) values (5,'Editorial 5');
REM INSERTING into PLAYSTORE.TBL_ESTATUS_DESCARGA
SET DEFINE OFF;
Insert into PLAYSTORE.TBL_ESTATUS_DESCARGA (CODIGO_ESTATUS,NOMBRE_ESTATUS) values (1,'Exitosa');
Insert into PLAYSTORE.TBL_ESTATUS_DESCARGA (CODIGO_ESTATUS,NOMBRE_ESTATUS) values (2,'Fallida');
Insert into PLAYSTORE.TBL_ESTATUS_DESCARGA (CODIGO_ESTATUS,NOMBRE_ESTATUS) values (3,'Cancelada');
REM INSERTING into PLAYSTORE.TBL_FORMATOS
SET DEFINE OFF;
Insert into PLAYSTORE.TBL_FORMATOS (CODIGO_FORMATO,NOMBRE_FORMATO,EXTENSION) values (1,'Aplicacion','apk');
Insert into PLAYSTORE.TBL_FORMATOS (CODIGO_FORMATO,NOMBRE_FORMATO,EXTENSION) values (2,'Libro','pdf');
Insert into PLAYSTORE.TBL_FORMATOS (CODIGO_FORMATO,NOMBRE_FORMATO,EXTENSION) values (3,'Cancion','mp3');
Insert into PLAYSTORE.TBL_FORMATOS (CODIGO_FORMATO,NOMBRE_FORMATO,EXTENSION) values (4,'Cancion','wma');
REM INSERTING into PLAYSTORE.TBL_GENERO_LITERARIO
SET DEFINE OFF;
Insert into PLAYSTORE.TBL_GENERO_LITERARIO (CODIGO_GENERO,NOMBRE_GENERO) values (1,'Genero 1');
Insert into PLAYSTORE.TBL_GENERO_LITERARIO (CODIGO_GENERO,NOMBRE_GENERO) values (2,'Genero 2');
Insert into PLAYSTORE.TBL_GENERO_LITERARIO (CODIGO_GENERO,NOMBRE_GENERO) values (3,'Genero 3');
Insert into PLAYSTORE.TBL_GENERO_LITERARIO (CODIGO_GENERO,NOMBRE_GENERO) values (4,'Genero 4');
Insert into PLAYSTORE.TBL_GENERO_LITERARIO (CODIGO_GENERO,NOMBRE_GENERO) values (5,'Genero 5');

REM INSERTING into PLAYSTORE.TBL_IDIOMAS
SET DEFINE OFF;
Insert into PLAYSTORE.TBL_IDIOMAS (CODIGO_IDIOMA,NOMBRE_IDIOMA) values (1,'Ingles');
Insert into PLAYSTORE.TBL_IDIOMAS (CODIGO_IDIOMA,NOMBRE_IDIOMA) values (2,'Español');
Insert into PLAYSTORE.TBL_IDIOMAS (CODIGO_IDIOMA,NOMBRE_IDIOMA) values (3,'Portugues');
REM INSERTING into PLAYSTORE.TBL_LIBROS
SET DEFINE OFF;
REM INSERTING into PLAYSTORE.TBL_LICENCIAS
SET DEFINE OFF;
Insert into PLAYSTORE.TBL_LICENCIAS (CODIGO_LICENCIA,NOMBRE_LICENCIA,ABREVIATURA,ANIO_PUBLICACION) values (1,'Licencia 1','L1',2000);
Insert into PLAYSTORE.TBL_LICENCIAS (CODIGO_LICENCIA,NOMBRE_LICENCIA,ABREVIATURA,ANIO_PUBLICACION) values (2,'Licencia 2','L2',2000);
Insert into PLAYSTORE.TBL_LICENCIAS (CODIGO_LICENCIA,NOMBRE_LICENCIA,ABREVIATURA,ANIO_PUBLICACION) values (3,'Licencia 3','L3',2000);
Insert into PLAYSTORE.TBL_LICENCIAS (CODIGO_LICENCIA,NOMBRE_LICENCIA,ABREVIATURA,ANIO_PUBLICACION) values (4,'Licencia 4','L4',2000);
Insert into PLAYSTORE.TBL_LICENCIAS (CODIGO_LICENCIA,NOMBRE_LICENCIA,ABREVIATURA,ANIO_PUBLICACION) values (5,'Licencia 5','L5',2000);
REM INSERTING into PLAYSTORE.TBL_TIPOS_COSTOS
SET DEFINE OFF;
Insert into PLAYSTORE.TBL_TIPOS_COSTOS (CODIGO_TIPO_COSTO,TIPO_COSTO) values (1,'Gratuito');
Insert into PLAYSTORE.TBL_TIPOS_COSTOS (CODIGO_TIPO_COSTO,TIPO_COSTO) values (2,'Pagado');
REM INSERTING into PLAYSTORE.TBL_TIPOS_PRODUCTOS
SET DEFINE OFF;
Insert into PLAYSTORE.TBL_TIPOS_PRODUCTOS (CODIGO_TIPO_PRODUCTO,TIPO_PRODUCTO) values (1,'Aplicacion');
Insert into PLAYSTORE.TBL_TIPOS_PRODUCTOS (CODIGO_TIPO_PRODUCTO,TIPO_PRODUCTO) values (2,'Libro');
Insert into PLAYSTORE.TBL_TIPOS_PRODUCTOS (CODIGO_TIPO_PRODUCTO,TIPO_PRODUCTO) values (3,'Cancion');
REM INSERTING into PLAYSTORE.TBL_USUARIOS
SET DEFINE OFF;
Insert into PLAYSTORE.TBL_USUARIOS (CODIGO_USUARIO,NOMBRE,GENERO,CORREO_ELECTRONICO,FECHA_NACIMIENTO,FECHA_REGISTRO) values (1,'Usuario 1','F','correo@gmail.com',to_date('01-APR-08','DD-MON-RR'),to_date('14-APR-16','DD-MON-RR'));
Insert into PLAYSTORE.TBL_USUARIOS (CODIGO_USUARIO,NOMBRE,GENERO,CORREO_ELECTRONICO,FECHA_NACIMIENTO,FECHA_REGISTRO) values (2,'Usuario 2','F','correo@gmail.com',to_date('20-APR-04','DD-MON-RR'),to_date('22-APR-16','DD-MON-RR'));
Insert into PLAYSTORE.TBL_USUARIOS (CODIGO_USUARIO,NOMBRE,GENERO,CORREO_ELECTRONICO,FECHA_NACIMIENTO,FECHA_REGISTRO) values (3,'Usuario 3','F','correo@gmail.com',to_date('20-APR-05','DD-MON-RR'),to_date('17-APR-16','DD-MON-RR'));
Insert into PLAYSTORE.TBL_USUARIOS (CODIGO_USUARIO,NOMBRE,GENERO,CORREO_ELECTRONICO,FECHA_NACIMIENTO,FECHA_REGISTRO) values (4,'Usuario 4','M','correo@gmail.com',to_date('30-APR-04','DD-MON-RR'),to_date('03-APR-16','DD-MON-RR'));
Insert into PLAYSTORE.TBL_USUARIOS (CODIGO_USUARIO,NOMBRE,GENERO,CORREO_ELECTRONICO,FECHA_NACIMIENTO,FECHA_REGISTRO) values (5,'Usuario 5','M','correo@gmail.com',to_date('30-APR-99','DD-MON-RR'),to_date('30-APR-16','DD-MON-RR'));
REM INSERTING into PLAYSTORE.TBL_NICHOS
SET DEFINE OFF;
Insert into PLAYSTORE.TBL_NICHOS (CODIGO_NICHO,NOMBRE_NICHO,DESCRIPCION) values (1,'Nicho 1','Nicho');
Insert into PLAYSTORE.TBL_NICHOS (CODIGO_NICHO,NOMBRE_NICHO,DESCRIPCION) values (2,'Nicho 2','Nicho');
Insert into PLAYSTORE.TBL_NICHOS (CODIGO_NICHO,NOMBRE_NICHO,DESCRIPCION) values (3,'Nicho 3','Nicho');
Insert into PLAYSTORE.TBL_NICHOS (CODIGO_NICHO,NOMBRE_NICHO,DESCRIPCION) values (4,'Nicho 4','Nicho');
Insert into PLAYSTORE.TBL_NICHOS (CODIGO_NICHO,NOMBRE_NICHO,DESCRIPCION) values (5,'Nicho 5','Nicho');
REM INSERTING into PLAYSTORE.TBL_REQUERIMIENTOS
SET DEFINE OFF;
Insert into PLAYSTORE.TBL_REQUERIMIENTOS (CODIGO_REQUERIMIENTO,NOMBRE_REQUERIMIENTO,DESCRIPCION) values (1,'Requerimiento 1','Requerimiento 1');
Insert into PLAYSTORE.TBL_REQUERIMIENTOS (CODIGO_REQUERIMIENTO,NOMBRE_REQUERIMIENTO,DESCRIPCION) values (2,'Requerimiento 2','Requerimiento 2');
Insert into PLAYSTORE.TBL_REQUERIMIENTOS (CODIGO_REQUERIMIENTO,NOMBRE_REQUERIMIENTO,DESCRIPCION) values (3,'Requerimiento 3','Requerimiento 3');
Insert into PLAYSTORE.TBL_REQUERIMIENTOS (CODIGO_REQUERIMIENTO,NOMBRE_REQUERIMIENTO,DESCRIPCION) values (4,'Requerimiento 4','Requerimiento 4');
Insert into PLAYSTORE.TBL_REQUERIMIENTOS (CODIGO_REQUERIMIENTO,NOMBRE_REQUERIMIENTO,DESCRIPCION) values (5,'Requerimiento 5','Requerimiento 5');
REM INSERTING into PLAYSTORE.TBL_NICHOS_X_PRODUCTO
SET DEFINE OFF;
REM INSERTING into PLAYSTORE.TBL_PRODUCTOS
SET DEFINE OFF;
Insert into PLAYSTORE.TBL_PRODUCTOS (CODIGO_PRODUCTO,CODIGO_TIPO_PRODUCTO,CODIGO_FORMATO,CODIGO_TIPO_COSTO,CODIGO_LICENCIA,CODIGO_CATEGORIA,NOMBRE_PRODUCTO,DESCRIPCION,PRECIO) values (1,2,1,1,1,2,'Producto 1','Producto 1',12);
Insert into PLAYSTORE.TBL_PRODUCTOS (CODIGO_PRODUCTO,CODIGO_TIPO_PRODUCTO,CODIGO_FORMATO,CODIGO_TIPO_COSTO,CODIGO_LICENCIA,CODIGO_CATEGORIA,NOMBRE_PRODUCTO,DESCRIPCION,PRECIO) values (2,1,1,1,2,1,'Producto 2','Producto 2',12);
Insert into PLAYSTORE.TBL_PRODUCTOS (CODIGO_PRODUCTO,CODIGO_TIPO_PRODUCTO,CODIGO_FORMATO,CODIGO_TIPO_COSTO,CODIGO_LICENCIA,CODIGO_CATEGORIA,NOMBRE_PRODUCTO,DESCRIPCION,PRECIO) values (3,2,2,1,3,2,'Producto 3','Producto 3',34);
Insert into PLAYSTORE.TBL_PRODUCTOS (CODIGO_PRODUCTO,CODIGO_TIPO_PRODUCTO,CODIGO_FORMATO,CODIGO_TIPO_COSTO,CODIGO_LICENCIA,CODIGO_CATEGORIA,NOMBRE_PRODUCTO,DESCRIPCION,PRECIO) values (4,3,3,1,4,3,'Producto 4','Producto 4',54);
Insert into PLAYSTORE.TBL_PRODUCTOS (CODIGO_PRODUCTO,CODIGO_TIPO_PRODUCTO,CODIGO_FORMATO,CODIGO_TIPO_COSTO,CODIGO_LICENCIA,CODIGO_CATEGORIA,NOMBRE_PRODUCTO,DESCRIPCION,PRECIO) values (5,1,1,1,5,4,'Producto 5','Producto 5',23);
Insert into PLAYSTORE.TBL_PRODUCTOS (CODIGO_PRODUCTO,CODIGO_TIPO_PRODUCTO,CODIGO_FORMATO,CODIGO_TIPO_COSTO,CODIGO_LICENCIA,CODIGO_CATEGORIA,NOMBRE_PRODUCTO,DESCRIPCION,PRECIO) values (6,2,2,1,1,5,'Producto 6','Producto 6',54);
Insert into PLAYSTORE.TBL_PRODUCTOS (CODIGO_PRODUCTO,CODIGO_TIPO_PRODUCTO,CODIGO_FORMATO,CODIGO_TIPO_COSTO,CODIGO_LICENCIA,CODIGO_CATEGORIA,NOMBRE_PRODUCTO,DESCRIPCION,PRECIO) values (7,1,1,1,2,6,'Producto 7','Producto 7',76);
Insert into PLAYSTORE.TBL_PRODUCTOS (CODIGO_PRODUCTO,CODIGO_TIPO_PRODUCTO,CODIGO_FORMATO,CODIGO_TIPO_COSTO,CODIGO_LICENCIA,CODIGO_CATEGORIA,NOMBRE_PRODUCTO,DESCRIPCION,PRECIO) values (8,2,2,1,3,1,'Producto 8','Producto 8',78);
Insert into PLAYSTORE.TBL_PRODUCTOS (CODIGO_PRODUCTO,CODIGO_TIPO_PRODUCTO,CODIGO_FORMATO,CODIGO_TIPO_COSTO,CODIGO_LICENCIA,CODIGO_CATEGORIA,NOMBRE_PRODUCTO,DESCRIPCION,PRECIO) values (9,1,1,1,4,2,'Producto 9','Producto 9',23);
Insert into PLAYSTORE.TBL_PRODUCTOS (CODIGO_PRODUCTO,CODIGO_TIPO_PRODUCTO,CODIGO_FORMATO,CODIGO_TIPO_COSTO,CODIGO_LICENCIA,CODIGO_CATEGORIA,NOMBRE_PRODUCTO,DESCRIPCION,PRECIO) values (10,3,3,1,5,3,'Producto 10','Producto 10',12);
Insert into PLAYSTORE.TBL_PRODUCTOS (CODIGO_PRODUCTO,CODIGO_TIPO_PRODUCTO,CODIGO_FORMATO,CODIGO_TIPO_COSTO,CODIGO_LICENCIA,CODIGO_CATEGORIA,NOMBRE_PRODUCTO,DESCRIPCION,PRECIO) values (11,1,1,2,1,4,'Producto 11','Producto 11',0);
Insert into PLAYSTORE.TBL_PRODUCTOS (CODIGO_PRODUCTO,CODIGO_TIPO_PRODUCTO,CODIGO_FORMATO,CODIGO_TIPO_COSTO,CODIGO_LICENCIA,CODIGO_CATEGORIA,NOMBRE_PRODUCTO,DESCRIPCION,PRECIO) values (12,2,2,1,2,1,'Producto 12','Producto 12',12);
Insert into PLAYSTORE.TBL_PRODUCTOS (CODIGO_PRODUCTO,CODIGO_TIPO_PRODUCTO,CODIGO_FORMATO,CODIGO_TIPO_COSTO,CODIGO_LICENCIA,CODIGO_CATEGORIA,NOMBRE_PRODUCTO,DESCRIPCION,PRECIO) values (13,2,2,1,3,2,'Producto 13','Producto 13',45);
Insert into PLAYSTORE.TBL_PRODUCTOS (CODIGO_PRODUCTO,CODIGO_TIPO_PRODUCTO,CODIGO_FORMATO,CODIGO_TIPO_COSTO,CODIGO_LICENCIA,CODIGO_CATEGORIA,NOMBRE_PRODUCTO,DESCRIPCION,PRECIO) values (14,3,3,1,4,3,'Producto 14','Producto 14',12);
Insert into PLAYSTORE.TBL_PRODUCTOS (CODIGO_PRODUCTO,CODIGO_TIPO_PRODUCTO,CODIGO_FORMATO,CODIGO_TIPO_COSTO,CODIGO_LICENCIA,CODIGO_CATEGORIA,NOMBRE_PRODUCTO,DESCRIPCION,PRECIO) values (15,1,1,2,5,4,'Producto 15','Producto 15',0);
REM INSERTING into PLAYSTORE.TBL_REQUERIMIENTOS_X_APP
SET DEFINE OFF;

REM INSERTING into PLAYSTORE.TBL_APLICACIONES
SET DEFINE OFF;
Insert into PLAYSTORE.TBL_APLICACIONES (CODIGO_APLICACION,CODIGO_DESARROLLADOR,VERSION,FECHA_LANZAMIENTO,FECHA_ACTUALIZACION) values (9,1,1,to_date('11-APR-16','DD-MON-RR'),to_date('30-APR-16','DD-MON-RR'));
Insert into PLAYSTORE.TBL_APLICACIONES (CODIGO_APLICACION,CODIGO_DESARROLLADOR,VERSION,FECHA_LANZAMIENTO,FECHA_ACTUALIZACION) values (15,2,2,to_date('12-APR-16','DD-MON-RR'),to_date('22-JAN-16','DD-MON-RR'));
Insert into PLAYSTORE.TBL_APLICACIONES (CODIGO_APLICACION,CODIGO_DESARROLLADOR,VERSION,FECHA_LANZAMIENTO,FECHA_ACTUALIZACION) values (7,3,1,to_date('23-APR-16','DD-MON-RR'),to_date('10-FEB-16','DD-MON-RR'));
Insert into PLAYSTORE.TBL_APLICACIONES (CODIGO_APLICACION,CODIGO_DESARROLLADOR,VERSION,FECHA_LANZAMIENTO,FECHA_ACTUALIZACION) values (11,1,2,to_date('11-APR-16','DD-MON-RR'),to_date('23-MAR-16','DD-MON-RR'));
Insert into PLAYSTORE.TBL_APLICACIONES (CODIGO_APLICACION,CODIGO_DESARROLLADOR,VERSION,FECHA_LANZAMIENTO,FECHA_ACTUALIZACION) values (5,2,1,to_date('24-APR-16','DD-MON-RR'),to_date('18-FEB-16','DD-MON-RR'));
Insert into PLAYSTORE.TBL_APLICACIONES (CODIGO_APLICACION,CODIGO_DESARROLLADOR,VERSION,FECHA_LANZAMIENTO,FECHA_ACTUALIZACION) values (2,1,1,to_date('30-APR-16','DD-MON-RR'),to_date('21-APR-16','DD-MON-RR'));
REM INSERTING into PLAYSTORE.TBL_HISTORIAL_DESCARGAS
SET DEFINE OFF;
Insert into PLAYSTORE.TBL_HISTORIAL_DESCARGAS (CODIGO_DESCARGA,CODIGO_USUARIO,CODIGO_PRODUCTO,CODIGO_ESTATUS,FECHA_DESCARGA) values (1,1,1,1,to_date('06-APR-16','DD-MON-RR'));
Insert into PLAYSTORE.TBL_HISTORIAL_DESCARGAS (CODIGO_DESCARGA,CODIGO_USUARIO,CODIGO_PRODUCTO,CODIGO_ESTATUS,FECHA_DESCARGA) values (2,1,2,1,to_date('21-APR-16','DD-MON-RR'));
Insert into PLAYSTORE.TBL_HISTORIAL_DESCARGAS (CODIGO_DESCARGA,CODIGO_USUARIO,CODIGO_PRODUCTO,CODIGO_ESTATUS,FECHA_DESCARGA) values (3,1,3,1,to_date('19-MAR-16','DD-MON-RR'));
Insert into PLAYSTORE.TBL_HISTORIAL_DESCARGAS (CODIGO_DESCARGA,CODIGO_USUARIO,CODIGO_PRODUCTO,CODIGO_ESTATUS,FECHA_DESCARGA) values (4,2,4,1,to_date('15-MAR-16','DD-MON-RR'));
Insert into PLAYSTORE.TBL_HISTORIAL_DESCARGAS (CODIGO_DESCARGA,CODIGO_USUARIO,CODIGO_PRODUCTO,CODIGO_ESTATUS,FECHA_DESCARGA) values (5,3,5,1,to_date('11-FEB-16','DD-MON-RR'));
Insert into PLAYSTORE.TBL_HISTORIAL_DESCARGAS (CODIGO_DESCARGA,CODIGO_USUARIO,CODIGO_PRODUCTO,CODIGO_ESTATUS,FECHA_DESCARGA) values (6,3,6,1,to_date('30-JAN-16','DD-MON-RR'));
Insert into PLAYSTORE.TBL_HISTORIAL_DESCARGAS (CODIGO_DESCARGA,CODIGO_USUARIO,CODIGO_PRODUCTO,CODIGO_ESTATUS,FECHA_DESCARGA) values (7,1,7,1,to_date('11-JAN-16','DD-MON-RR'));
Insert into PLAYSTORE.TBL_HISTORIAL_DESCARGAS (CODIGO_DESCARGA,CODIGO_USUARIO,CODIGO_PRODUCTO,CODIGO_ESTATUS,FECHA_DESCARGA) values (8,2,8,1,to_date('01-FEB-16','DD-MON-RR'));
Insert into PLAYSTORE.TBL_HISTORIAL_DESCARGAS (CODIGO_DESCARGA,CODIGO_USUARIO,CODIGO_PRODUCTO,CODIGO_ESTATUS,FECHA_DESCARGA) values (9,2,9,1,to_date('05-JAN-16','DD-MON-RR'));
Insert into PLAYSTORE.TBL_HISTORIAL_DESCARGAS (CODIGO_DESCARGA,CODIGO_USUARIO,CODIGO_PRODUCTO,CODIGO_ESTATUS,FECHA_DESCARGA) values (10,3,10,1,to_date('11-JAN-16','DD-MON-RR'));
Insert into PLAYSTORE.TBL_HISTORIAL_DESCARGAS (CODIGO_DESCARGA,CODIGO_USUARIO,CODIGO_PRODUCTO,CODIGO_ESTATUS,FECHA_DESCARGA) values (11,1,2,2,to_date('22-JUL-16','DD-MON-RR'));
Insert into PLAYSTORE.TBL_HISTORIAL_DESCARGAS (CODIGO_DESCARGA,CODIGO_USUARIO,CODIGO_PRODUCTO,CODIGO_ESTATUS,FECHA_DESCARGA) values (12,1,5,2,to_date('14-JUL-16','DD-MON-RR'));
Insert into PLAYSTORE.TBL_HISTORIAL_DESCARGAS (CODIGO_DESCARGA,CODIGO_USUARIO,CODIGO_PRODUCTO,CODIGO_ESTATUS,FECHA_DESCARGA) values (13,2,5,1,to_date('26-AUG-16','DD-MON-RR'));
Insert into PLAYSTORE.TBL_HISTORIAL_DESCARGAS (CODIGO_DESCARGA,CODIGO_USUARIO,CODIGO_PRODUCTO,CODIGO_ESTATUS,FECHA_DESCARGA) values (14,3,5,1,to_date('02-AUG-16','DD-MON-RR'));
Insert into PLAYSTORE.TBL_HISTORIAL_DESCARGAS (CODIGO_DESCARGA,CODIGO_USUARIO,CODIGO_PRODUCTO,CODIGO_ESTATUS,FECHA_DESCARGA) values (15,3,5,1,to_date('21-OCT-16','DD-MON-RR'));
Insert into PLAYSTORE.TBL_HISTORIAL_DESCARGAS (CODIGO_DESCARGA,CODIGO_USUARIO,CODIGO_PRODUCTO,CODIGO_ESTATUS,FECHA_DESCARGA) values (16,4,5,1,to_date('18-NOV-16','DD-MON-RR'));
Insert into PLAYSTORE.TBL_HISTORIAL_DESCARGAS (CODIGO_DESCARGA,CODIGO_USUARIO,CODIGO_PRODUCTO,CODIGO_ESTATUS,FECHA_DESCARGA) values (17,4,2,1,to_date('21-JUL-16','DD-MON-RR'));
Insert into PLAYSTORE.TBL_HISTORIAL_DESCARGAS (CODIGO_DESCARGA,CODIGO_USUARIO,CODIGO_PRODUCTO,CODIGO_ESTATUS,FECHA_DESCARGA) values (18,5,2,1,to_date('24-NOV-16','DD-MON-RR'));
Insert into PLAYSTORE.TBL_HISTORIAL_DESCARGAS (CODIGO_DESCARGA,CODIGO_USUARIO,CODIGO_PRODUCTO,CODIGO_ESTATUS,FECHA_DESCARGA) values (19,5,3,2,to_date('21-OCT-16','DD-MON-RR'));
Insert into PLAYSTORE.TBL_HISTORIAL_DESCARGAS (CODIGO_DESCARGA,CODIGO_USUARIO,CODIGO_PRODUCTO,CODIGO_ESTATUS,FECHA_DESCARGA) values (20,5,3,2,to_date('15-NOV-16','DD-MON-RR'));
Insert into PLAYSTORE.TBL_HISTORIAL_DESCARGAS (CODIGO_DESCARGA,CODIGO_USUARIO,CODIGO_PRODUCTO,CODIGO_ESTATUS,FECHA_DESCARGA) values (21,5,6,2,to_date('19-MAR-16','DD-MON-RR'));
Insert into PLAYSTORE.TBL_HISTORIAL_DESCARGAS (CODIGO_DESCARGA,CODIGO_USUARIO,CODIGO_PRODUCTO,CODIGO_ESTATUS,FECHA_DESCARGA) values (22,5,4,2,to_date('03-OCT-16','DD-MON-RR'));
Insert into PLAYSTORE.TBL_HISTORIAL_DESCARGAS (CODIGO_DESCARGA,CODIGO_USUARIO,CODIGO_PRODUCTO,CODIGO_ESTATUS,FECHA_DESCARGA) values (23,1,1,1,to_date('28-DEC-16','DD-MON-RR'));
Insert into PLAYSTORE.TBL_HISTORIAL_DESCARGAS (CODIGO_DESCARGA,CODIGO_USUARIO,CODIGO_PRODUCTO,CODIGO_ESTATUS,FECHA_DESCARGA) values (24,1,2,1,to_date('28-DEC-16','DD-MON-RR'));
Insert into PLAYSTORE.TBL_HISTORIAL_DESCARGAS (CODIGO_DESCARGA,CODIGO_USUARIO,CODIGO_PRODUCTO,CODIGO_ESTATUS,FECHA_DESCARGA) values (25,1,3,2,to_date('15-DEC-16','DD-MON-RR'));
Insert into PLAYSTORE.TBL_HISTORIAL_DESCARGAS (CODIGO_DESCARGA,CODIGO_USUARIO,CODIGO_PRODUCTO,CODIGO_ESTATUS,FECHA_DESCARGA) values (26,2,3,1,to_date('21-DEC-16','DD-MON-RR'));
Insert into PLAYSTORE.TBL_HISTORIAL_DESCARGAS (CODIGO_DESCARGA,CODIGO_USUARIO,CODIGO_PRODUCTO,CODIGO_ESTATUS,FECHA_DESCARGA) values (27,2,2,2,to_date('24-NOV-16','DD-MON-RR'));
Insert into PLAYSTORE.TBL_HISTORIAL_DESCARGAS (CODIGO_DESCARGA,CODIGO_USUARIO,CODIGO_PRODUCTO,CODIGO_ESTATUS,FECHA_DESCARGA) values (28,2,4,2,to_date('25-AUG-16','DD-MON-RR'));
Insert into PLAYSTORE.TBL_HISTORIAL_DESCARGAS (CODIGO_DESCARGA,CODIGO_USUARIO,CODIGO_PRODUCTO,CODIGO_ESTATUS,FECHA_DESCARGA) values (29,3,2,1,to_date('21-SEP-16','DD-MON-RR'));
Insert into PLAYSTORE.TBL_HISTORIAL_DESCARGAS (CODIGO_DESCARGA,CODIGO_USUARIO,CODIGO_PRODUCTO,CODIGO_ESTATUS,FECHA_DESCARGA) values (30,4,2,2,to_date('09-JUN-16','DD-MON-RR'));
REM INSERTING into PLAYSTORE.TBL_CALIFICACIONES
SET DEFINE OFF;
Insert into PLAYSTORE.TBL_CALIFICACIONES (CODIGO_PRODUCTO,CODIGO_USUARIO,COMENTARIO,VALORACION,FECHA_CALIFICACION) values (1,1,'Comentario 1',1,to_date('22-APR-16','DD-MON-RR'));
Insert into PLAYSTORE.TBL_CALIFICACIONES (CODIGO_PRODUCTO,CODIGO_USUARIO,COMENTARIO,VALORACION,FECHA_CALIFICACION) values (2,2,'Comentario 2',2,to_date('06-APR-16','DD-MON-RR'));
Insert into PLAYSTORE.TBL_CALIFICACIONES (CODIGO_PRODUCTO,CODIGO_USUARIO,COMENTARIO,VALORACION,FECHA_CALIFICACION) values (3,3,'Comentario 3',3,to_date('27-APR-16','DD-MON-RR'));
Insert into PLAYSTORE.TBL_CALIFICACIONES (CODIGO_PRODUCTO,CODIGO_USUARIO,COMENTARIO,VALORACION,FECHA_CALIFICACION) values (4,4,'Comentario 4',1,to_date('16-APR-16','DD-MON-RR'));
Insert into PLAYSTORE.TBL_CALIFICACIONES (CODIGO_PRODUCTO,CODIGO_USUARIO,COMENTARIO,VALORACION,FECHA_CALIFICACION) values (2,5,'Comentario 5',5,to_date('24-APR-16','DD-MON-RR'));
Insert into PLAYSTORE.TBL_CALIFICACIONES (CODIGO_PRODUCTO,CODIGO_USUARIO,COMENTARIO,VALORACION,FECHA_CALIFICACION) values (4,1,'Comentario 6',5,to_date('24-APR-16','DD-MON-RR'));
Insert into PLAYSTORE.TBL_CALIFICACIONES (CODIGO_PRODUCTO,CODIGO_USUARIO,COMENTARIO,VALORACION,FECHA_CALIFICACION) values (1,2,'Comentario 7',1,to_date('30-APR-16','DD-MON-RR'));
Insert into PLAYSTORE.TBL_CALIFICACIONES (CODIGO_PRODUCTO,CODIGO_USUARIO,COMENTARIO,VALORACION,FECHA_CALIFICACION) values (2,3,'Comentario 8',3,to_date('23-APR-16','DD-MON-RR'));
REM INSERTING into PLAYSTORE.TBL_CANCIONES
SET DEFINE OFF;
Insert into PLAYSTORE.TBL_CANCIONES (CODIGO_PRODUCTO,DURACION_SEGUNDOS,CODIGO_ALBUM) values (14,123,1);
Insert into PLAYSTORE.TBL_CANCIONES (CODIGO_PRODUCTO,DURACION_SEGUNDOS,CODIGO_ALBUM) values (4,111,2);
Insert into PLAYSTORE.TBL_CANCIONES (CODIGO_PRODUCTO,DURACION_SEGUNDOS,CODIGO_ALBUM) values (10,234,3);
